"Id","IsDeleted","Name","ParentId","Type","Status","StartDate","EndDate","ExpectedRevenue","BudgetedCost","ActualCost","ExpectedResponse","NumberSent","IsActive","Description","NumberOfLeads","NumberOfConvertedLeads","NumberOfContacts","NumberOfResponses","NumberOfOpportunities","NumberOfWonOpportunities","AmountAllOpportunities","AmountWonOpportunities","HierarchyNumberOfLeads","HierarchyNumberOfConvertedLeads","HierarchyNumberOfContacts","HierarchyNumberOfResponses","HierarchyNumberOfOpportunities","HierarchyNumberOfWonOpportunities","HierarchyAmountAllOpportunities","HierarchyAmountWonOpportunities","HierarchyNumberSent","HierarchyExpectedRevenue","HierarchyBudgetedCost","HierarchyActualCost","OwnerId","CreatedDate","CreatedById","LastModifiedDate","LastModifiedById","SystemModstamp","LastActivityDate","CampaignMemberRecordTypeId"
"70110000000Y1FbAAK","0","GC Product Webinar - Jan 7, 2002","","Webinar","Completed","2008-04-30 00:00:00","2008-04-30 00:00:00","3000000","10000","11400","10","5000","1","","0","0","0","0","0","0","0","0","0","0","0","0","0","0","0","0","5000","3000000","10000","11400","0051000000339UwAAI","2014-11-17 11:46:18","0051000000339UwAAI","2014-11-17 11:46:18","0051000000339UwAAI","2014-11-17 11:46:18","",""
"70110000000Y1FcAAK","0","User Conference - Jun 17-19, 2002","","Conference","Planned","2008-10-08 00:00:00","2008-10-10 00:00:00","5500000","100000","","15","40000","1","","0","0","0","0","0","0","0","0","0","0","0","0","0","0","0","0","40000","5500000","100000","","0051000000339UwAAI","2014-11-17 11:46:18","0051000000339UwAAI","2014-11-17 11:46:18","0051000000339UwAAI","2014-11-17 11:46:18","",""
"70110000000Y1FdAAK","0","DM Campaign to Top Customers - Nov 12-23, 2001","","Direct Mail","Completed","2008-03-05 00:00:00","2008-03-16 00:00:00","2500000","25000","23500","7","15000","1","","0","0","0","0","0","0","0","0","0","0","0","0","0","0","0","0","15000","2500000","25000","23500","0051000000339UwAAI","2014-11-17 11:46:18","0051000000339UwAAI","2014-11-17 11:46:18","0051000000339UwAAI","2014-11-17 11:46:18","",""
"70110000000Y1FeAAK","0","International Electrical Engineers Association Trade Show - Mar 4-5, 2002","","Trade Show","Planned","2008-06-25 00:00:00","2008-06-26 00:00:00","8500000","50000","","0","0","1","","0","0","0","0","0","0","0","0","0","0","0","0","0","0","0","0","0","8500000","50000","","0051000000339UwAAI","2014-11-17 11:46:18","0051000000339UwAAI","2014-11-17 11:46:18","0051000000339UwAAI","2014-11-17 11:46:18","",""
