"Id","IsDeleted","CaseNumber","ContactId","AccountId","AssetId","BusinessHoursId","ParentId","SuppliedName","SuppliedEmail","SuppliedPhone","SuppliedCompany","Type","Status","Reason","Origin","Subject","Priority","Description","IsClosed","ClosedDate","IsEscalated","OwnerId","IsClosedOnCreate","CreatedDate","CreatedById","LastModifiedDate","LastModifiedById","SystemModstamp","EventsProcessedDate","EngineeringReqNumber__c","SLAViolation__c","Product__c","PotentialLiability__c"
"5001000000O50XJAAZ","0","00001000","0031000000i2QQsAAM","0011000000ts0w0AAA","000000000000000AAA","01m10000000JtvdAAC","000000000000000AAA","","","","","Electrical","Closed","Equipment Complexity","Phone","Starting generator after electrical failure","High","","1","2013-09-29 18:59:51","0","0051000000339UwAAI","1","2014-11-17 11:46:18","0051000000339UwAAI","2014-11-17 11:46:18","0051000000339UwAAI","2014-11-17 11:46:18","","765876","No","GC5040","No"
"5001000000O50XKAAZ","0","00001001","0031000000i2QR9AAM","0011000000ts0w7AAA","000000000000000AAA","01m10000000JtvdAAC","000000000000000AAA","","","","","Electrical","Closed","Performance","Phone","Performance inadequate for second consecutive week","High","","1","2013-09-29 18:59:51","0","0051000000339UwAAI","1","2014-11-17 11:46:18","0051000000339UwAAI","2014-11-17 11:46:18","0051000000339UwAAI","2014-11-17 11:46:18","","767145","Yes","GC1060","Yes"
"5001000000O50XLAAZ","0","00001002","0031000000i2QQzAAM","0011000000ts0w7AAA","000000000000000AAA","01m10000000JtvdAAC","000000000000000AAA","","","","","Electrical","New","Installation","Web","Seeking guidance on electrical wiring installation for GC5060","Low","","0","","0","0051000000339UwAAI","0","2014-11-17 11:46:18","0051000000339UwAAI","2014-11-17 11:46:18","0051000000339UwAAI","2014-11-17 11:46:18","","","No","GC3060","No"
"5001000000O50XMAAZ","0","00001003","0031000000i2QR1AAM","0011000000ts0w5AAA","000000000000000AAA","01m10000000JtvdAAC","000000000000000AAA","","","","","Other","Closed","Installation","Web","Easy installation process","Low","","1","2013-09-29 18:59:51","0","0051000000339UwAAI","1","2014-11-17 11:46:18","0051000000339UwAAI","2014-11-17 11:46:18","0051000000339UwAAI","2014-11-17 11:46:18","","","No","GC1020","No"
"5001000000O50XNAAZ","0","00001004","0031000000i2QR1AAM","0011000000ts0w5AAA","000000000000000AAA","01m10000000JtvdAAC","000000000000000AAA","","","","","Other","Closed","Other","Phone","Maintenance guidelines for generator unclear","Medium","","1","2013-09-29 18:59:51","0","0051000000339UwAAI","1","2014-11-17 11:46:18","0051000000339UwAAI","2014-11-17 11:46:18","0051000000339UwAAI","2014-11-17 11:46:18","","784532","No","GC5020","No"
"5001000000O50XOAAZ","0","00001005","0031000000i2QR2AAM","0011000000ts0w5AAA","000000000000000AAA","01m10000000JtvdAAC","000000000000000AAA","","","","","Electrical","Closed","Performance","Phone","Electrical circuit malfunctioning","Medium","","1","2013-09-29 18:59:51","0","0051000000339UwAAI","1","2014-11-17 11:46:18","0051000000339UwAAI","2014-11-17 11:46:18","0051000000339UwAAI","2014-11-17 11:46:18","","653780","No","GC1060","Yes"
"5001000000O50XPAAZ","0","00001006","0031000000i2QR8AAM","0011000000ts0vxAAA","000000000000000AAA","01m10000000JtvdAAC","000000000000000AAA","","","","","Other","Closed","Feedback","Phone","Generator assembly instructions unclear","Low","","1","2013-09-29 18:59:51","0","0051000000339UwAAI","1","2014-11-17 11:46:18","0051000000339UwAAI","2014-11-17 11:46:18","0051000000339UwAAI","2014-11-17 11:46:18","","253574","No","GC1020","No"
"5001000000O50XQAAZ","0","00001007","0031000000i2QQxAAM","0011000000ts0w4AAA","000000000000000AAA","01m10000000JtvdAAC","000000000000000AAA","","","","","Structural","Closed","Breakdown","Phone","Structural breakdown of rotor assembly","Medium","","1","2013-09-29 18:59:51","0","0051000000339UwAAI","1","2014-11-17 11:46:18","0051000000339UwAAI","2014-11-17 11:46:18","0051000000339UwAAI","2014-11-17 11:46:18","","835735","No","GC1040","No"
"5001000000O50XRAAZ","0","00001008","0031000000i2QQxAAM","0011000000ts0w4AAA","000000000000000AAA","01m10000000JtvdAAC","000000000000000AAA","","","","","Other","Closed","Feedback","Web","Customer service for portable generators needs beefing up","Low","","1","2013-09-29 18:59:51","0","0051000000339UwAAI","1","2014-11-17 11:46:18","0051000000339UwAAI","2014-11-17 11:46:18","0051000000339UwAAI","2014-11-17 11:46:18","","","No","GC1020","No"
"5001000000O50XSAAZ","0","00001009","0031000000i2QR5AAM","0011000000ts0vyAAA","000000000000000AAA","01m10000000JtvdAAC","000000000000000AAA","","","","","Mechanical","Closed","Other","Phone","Mechanical maintenance guidelines for generator misleading","Medium","","1","2013-09-29 18:59:51","0","0051000000339UwAAI","1","2014-11-17 11:46:18","0051000000339UwAAI","2014-11-17 11:46:18","0051000000339UwAAI","2014-11-17 11:46:18","","365782","No","GC3040","Yes"
"5001000000O50XTAAZ","0","00001010","0031000000i2QR6AAM","0011000000ts0vzAAA","000000000000000AAA","01m10000000JtvdAAC","000000000000000AAA","","","","","Other","Closed","Feedback","Web","Maintenance guidelines for generator unclear","Low","","1","2013-09-29 18:59:51","0","0051000000339UwAAI","1","2014-11-17 11:46:18","0051000000339UwAAI","2014-11-17 11:46:18","0051000000339UwAAI","2014-11-17 11:46:18","","658733","No","GC1060","No"
"5001000000O50XUAAZ","0","00001011","0031000000i2QR7AAM","0011000000ts0vzAAA","000000000000000AAA","01m10000000JtvdAAC","000000000000000AAA","","","","","Electronic","Closed","Equipment Design","Web","Electronic panel fitting loose","Medium","","1","2013-09-29 18:59:51","0","0051000000339UwAAI","1","2014-11-17 11:46:18","0051000000339UwAAI","2014-11-17 11:46:18","0051000000339UwAAI","2014-11-17 11:46:18","","965884","No","GC3020","No"
"5001000000O50XVAAZ","0","00001012","0031000000i2QR3AAM","0011000000ts0w6AAA","000000000000000AAA","01m10000000JtvdAAC","000000000000000AAA","","","","","Electrical","Closed","Breakdown","Web","Repeated motor breakdown while shutting off","Medium","","1","2013-09-29 18:59:51","0","0051000000339UwAAI","1","2014-11-17 11:46:18","0051000000339UwAAI","2014-11-17 11:46:18","0051000000339UwAAI","2014-11-17 11:46:18","","347209","Yes","GC1020","Yes"
"5001000000O50XWAAZ","0","00001013","0031000000i2QQyAAM","0011000000ts0w4AAA","000000000000000AAA","01m10000000JtvdAAC","000000000000000AAA","","","","","Other","Closed","Equipment Design","Web","Starting up generator consumes excessive power","Medium","","1","2013-09-29 18:59:51","0","0051000000339UwAAI","1","2014-11-17 11:46:18","0051000000339UwAAI","2014-11-17 11:46:18","0051000000339UwAAI","2014-11-17 11:46:18","","654623","No","GC5020","No"
"5001000000O50XXAAZ","0","00001014","0031000000i2QQyAAM","0011000000ts0w4AAA","000000000000000AAA","01m10000000JtvdAAC","000000000000000AAA","","","","","Other","Closed","Installation","Phone","Delay in installation; spare parts unavailable","High","","1","2013-09-29 18:59:51","0","0051000000339UwAAI","1","2014-11-17 11:46:18","0051000000339UwAAI","2014-11-17 11:46:18","0051000000339UwAAI","2014-11-17 11:46:18","","","No","GC3020","Yes"
"5001000000O50XYAAZ","0","00001015","0031000000i2QR7AAM","0011000000ts0vzAAA","000000000000000AAA","01m10000000JtvdAAC","000000000000000AAA","","","","","Mechanical","Closed","Breakdown","Web","Frequent mechanical breakdown","Medium","","1","2013-09-29 18:59:51","0","0051000000339UwAAI","1","2014-11-17 11:46:18","0051000000339UwAAI","2014-11-17 11:46:18","0051000000339UwAAI","2014-11-17 11:46:18","","354982","No","GC3060","Yes"
"5001000000O50XZAAZ","0","00001016","0031000000i2QR8AAM","0011000000ts0vxAAA","000000000000000AAA","01m10000000JtvdAAC","000000000000000AAA","","","","","Other","New","Feedback","Web","Maintenance guidelines for generator unclear","Low","","0","","0","0051000000339UwAAI","0","2014-11-17 11:46:18","0051000000339UwAAI","2014-11-17 11:46:18","0051000000339UwAAI","2014-11-17 11:46:18","","651375","No","GC5020","No"
"5001000000O50XaAAJ","0","00001017","0031000000i2QQtAAM","0011000000ts0w0AAA","000000000000000AAA","01m10000000JtvdAAC","000000000000000AAA","","","","","Mechanical","Closed","Equipment Complexity","Web","Shutting down of generator","Medium","","1","2013-09-29 18:59:51","0","0051000000339UwAAI","1","2014-11-17 11:46:18","0051000000339UwAAI","2014-11-17 11:46:18","0051000000339UwAAI","2014-11-17 11:46:18","","736734","No","GC1040","No"
"5001000000O50XbAAJ","0","00001018","0031000000i2QQtAAM","0011000000ts0w0AAA","000000000000000AAA","01m10000000JtvdAAC","000000000000000AAA","","","","","Electrical","Closed","Equipment Complexity","Phone","Cannot start generator after electrical failure","Medium","","1","2013-09-29 18:59:51","0","0051000000339UwAAI","1","2014-11-17 11:46:18","0051000000339UwAAI","2014-11-17 11:46:18","0051000000339UwAAI","2014-11-17 11:46:18","","526714","No","GC1040","No"
"5001000000O50XcAAJ","0","00001019","0031000000i2QQuAAM","0011000000ts0w1AAA","000000000000000AAA","01m10000000JtvdAAC","000000000000000AAA","","","","","Structural","Closed","Equipment Design","Web","Structural failure of generator base","High","","1","2013-09-29 18:59:51","0","0051000000339UwAAI","1","2014-11-17 11:46:18","0051000000339UwAAI","2014-11-17 11:46:18","0051000000339UwAAI","2014-11-17 11:46:18","","636265","No","GC5060","Yes"
"5001000000O50XdAAJ","0","00001020","0031000000i2QQuAAM","0011000000ts0w1AAA","000000000000000AAA","01m10000000JtvdAAC","000000000000000AAA","","","","","Electrical","Closed","Performance","Phone","Power generation below stated level","Medium","","1","2013-09-29 18:59:51","0","0051000000339UwAAI","1","2014-11-17 11:46:18","0051000000339UwAAI","2014-11-17 11:46:18","0051000000339UwAAI","2014-11-17 11:46:18","","237645","No","GC3060","Yes"
"5001000000O50XeAAJ","0","00001021","0031000000i2QQzAAM","0011000000ts0w7AAA","000000000000000AAA","01m10000000JtvdAAC","000000000000000AAA","","","","","Structural","Closed","Installation","Phone","Generator GC3060 platform structure is weakening","High","","1","2013-09-29 18:59:51","0","0051000000339UwAAI","1","2014-11-17 11:46:18","0051000000339UwAAI","2014-11-17 11:46:18","0051000000339UwAAI","2014-11-17 11:46:18","","435143","","GC3060","Yes"
"5001000000O50XfAAJ","0","00001022","0031000000i2QQzAAM","0011000000ts0w7AAA","000000000000000AAA","01m10000000JtvdAAC","000000000000000AAA","","","","","Electronic","Closed","Performance","Web","Signal panel on GC5060 blinks intermittently","Medium","","1","2013-09-29 18:59:51","0","0051000000339UwAAI","1","2014-11-17 11:46:18","0051000000339UwAAI","2014-11-17 11:46:18","0051000000339UwAAI","2014-11-17 11:46:18","","456345","No","GC5060","No"
"5001000000O50XgAAJ","0","00001023","0031000000i2QQzAAM","0011000000ts0w7AAA","000000000000000AAA","01m10000000JtvdAAC","000000000000000AAA","","","","","Electrical","Closed","Other","Phone","Electric surge damaging adjacent equipment","High","","1","2013-09-29 18:59:51","0","0051000000339UwAAI","1","2014-11-17 11:46:18","0051000000339UwAAI","2014-11-17 11:46:18","0051000000339UwAAI","2014-11-17 11:46:18","","265794","No","GC5060","No"
"5001000000O50XhAAJ","0","00001024","0031000000i2QR0AAM","0011000000ts0w7AAA","000000000000000AAA","01m10000000JtvdAAC","000000000000000AAA","","","","","Mechanical","New","Equipment Design","Web","Design issue with mechanical rotor","Low","","0","","0","0051000000339UwAAI","0","2014-11-17 11:46:18","0051000000339UwAAI","2014-11-17 11:46:18","0051000000339UwAAI","2014-11-17 11:46:18","","868314","No","GC3040","No"
"5001000000O50XiAAJ","0","00001025","0031000000i2QR0AAM","0011000000ts0w7AAA","000000000000000AAA","01m10000000JtvdAAC","000000000000000AAA","","","","","Electrical","Closed","Equipment Design","Phone","Motor design hindering performance","Medium","","1","2013-09-29 18:59:51","0","0051000000339UwAAI","1","2014-11-17 11:46:18","0051000000339UwAAI","2014-11-17 11:46:18","0051000000339UwAAI","2014-11-17 11:46:18","","572546","No","GC5040","No"
