"Id","IsDeleted","MasterRecordId","AccountId","Salutation","FirstName","LastName","OtherStreet","OtherCity","OtherState","OtherPostalCode","OtherCountry","OtherLatitude","OtherLongitude","MailingStreet","MailingCity","MailingState","MailingPostalCode","MailingCountry","MailingLatitude","MailingLongitude","Phone","Fax","MobilePhone","HomePhone","OtherPhone","AssistantPhone","ReportsToId","Email","Title","Department","AssistantName","LeadSource","Birthdate","Description","OwnerId","HasOptedOutOfEmail","HasOptedOutOfFax","DoNotCall","CreatedDate","CreatedById","LastModifiedDate","LastModifiedById","SystemModstamp","LastActivityDate","LastCURequestDate","LastCUUpdateDate","EmailBouncedReason","EmailBouncedDate","Jigsaw","JigsawContactId","CleanStatus","Level__c","Languages__c"
"0031000000i2QQsAAM","0","","0011000000ts0w0AAA","Ms.","Rose","Gonzalez","","","","","","","","313 Constitution Place Austin, TX 78767 USA","","","","","","","(512) 757-6000","(512) 757-9000","(512) 757-9340","","","","","rose@edge.com","SVP, Procurement","Procurement","","Trade Show","1962-10-30 00:00:00","","0051000000339UwAAI","0","0","0","2014-11-17 11:46:18","0051000000339UwAAI","2014-11-17 11:46:18","0051000000339UwAAI","2014-11-17 11:46:18","","","","","","","","Pending","Primary","English"
"0031000000i2QQtAAM","0","","0011000000ts0w0AAA","Mr.","Sean","Forbes","","","","","","","","312 Constitution Place Austin, TX 78767 USA","","","","","","","(512) 757-6000","(512) 757-9000","(512) 757-4561","","","","","sean@edge.com","CFO","Finance","","Trade Show","1941-07-28 00:00:00","","0051000000339UwAAI","0","0","0","2014-11-17 11:46:18","0051000000339UwAAI","2014-11-17 11:46:18","0051000000339UwAAI","2014-11-17 11:46:18","","","","","","","","Pending","Secondary","English"
"0031000000i2QQuAAM","0","","0011000000ts0w1AAA","Mr.","Jack","Rogers","","","","","","","","525 S. Lexington Ave","Burlington","NC","27215","USA","","","(336) 222-7000","(336) 222-8000","","","","","","jrogers@burlington.com","VP, Facilities","","","Web","","","0051000000339UwAAI","0","0","0","2014-11-17 11:46:18","0051000000339UwAAI","2014-11-17 11:46:18","0051000000339UwAAI","2014-11-17 11:46:18","","","","","","","","Pending","",""
"0031000000i2QQvAAM","0","","0011000000ts0w2AAA","Ms.","Pat","Stumuller","2 Place Jussieu","Paris","","75251","France","","","2 Place Jussieu","Paris","","75251","France","","","(014) 427-4427","(014) 427-4428","(014) 454-6364","","","(014) 427-4465","","pat@pyramid.net","SVP, Administration and Finance","Finance","Jean Marie","","","","0051000000339UwAAI","0","0","0","2014-11-17 11:46:18","0051000000339UwAAI","2014-11-17 11:46:18","0051000000339UwAAI","2014-11-17 11:46:18","","","","","","","","Pending","Primary","French, English"
"0031000000i2QQwAAM","0","","0011000000ts0w3AAA","Mr","Andy","Young","1301 Hoch Drive","Lawrence","KS","66045","USA","","","1301 Hoch Drive","Lawrence","KS","66045","USA","","","(785) 241-6200","","(785) 265-5350","","","","","a_young@dickenson.com","SVP, Operations","Internal Operations","","Purchased List","","","0051000000339UwAAI","0","0","0","2014-11-17 11:46:18","0051000000339UwAAI","2014-11-17 11:46:18","0051000000339UwAAI","2014-11-17 11:46:18","","","","","","","","Pending","Primary","English"
"0031000000i2QQxAAM","0","","0011000000ts0w4AAA","Mr.","Tim","Barr","","","","","","","","2335 N. Michigan Avenue, Suite 1500 Chicago, IL 60601, USA","","","","","","","(312) 596-1000","(312) 596-1500","(312) 596-1230","","","","","barr_tim@grandhotels.com","SVP, Administration and Finance","Finance","","External Referral","1948-06-25 00:00:00","","0051000000339UwAAI","0","0","0","2014-11-17 11:46:18","0051000000339UwAAI","2014-11-17 11:46:18","0051000000339UwAAI","2014-11-17 11:46:18","","","","","","","","Pending","Secondary","English"
"0031000000i2QQyAAM","0","","0011000000ts0w4AAA","Mr.","John","Bond","","","","","","","","2334 N. Michigan Avenue, Suite 1500 Chicago, IL 60601, USA","","","","","","","(312) 596-1000","(312) 596-1500","(312) 596-1563","","","","","bond_john@grandhotels.com","VP, Facilities","Facilities","","External Referral","1950-09-06 00:00:00","","0051000000339UwAAI","0","0","0","2014-11-17 11:46:18","0051000000339UwAAI","2014-11-17 11:46:18","0051000000339UwAAI","2014-11-17 11:46:18","","","","","","","","Pending","Primary","English"
"0031000000i2QQzAAM","0","","0011000000ts0w7AAA","Ms.","Stella","Pavlova","","","","","","","","1303 Avenue of the Americas  New York, NY 10019 USA","","","","","","","(212) 842-5500","(212) 842-5501","(212) 842-5501","","(212) 842-5543","(212) 842-5589","","spavlova@uog.com","SVP, Production","Production","Audrey Haynes","Public Relations","1938-02-20 00:00:00","","0051000000339UwAAI","0","0","0","2014-11-17 11:46:18","0051000000339UwAAI","2014-11-17 11:46:18","0051000000339UwAAI","2014-11-17 11:46:18","","","","","","","","Pending","Tertiary","English"
"0031000000i2QR0AAM","0","","0011000000ts0w7AAA","Ms.","Lauren","Boyle","","","","","","","","1304 Avenue of the Americas  New York, NY 10019 USA","","","","","","","(212) 842-5500","(212) 842-5501","(212) 842-5611","","","","","lboyle@uog.com","SVP, Technology","Technology","","Public Relations","1955-04-05 00:00:00","","0051000000339UwAAI","0","0","0","2014-11-17 11:46:18","0051000000339UwAAI","2014-11-17 11:46:18","0051000000339UwAAI","2014-11-17 11:46:18","","","","","","","","Pending","Secondary","English"
"0031000000i2QR1AAM","0","","0011000000ts0w5AAA","Ms.","Babara","Levy","","","","","","","","620 SW 5th Avenue Suite 400 Portland, Oregon 97204 United States","","","","","","","(503) 421-7800","(503) 421-7801","(503) 421-5451","","","(503) 421-6782","","b.levy@expressl&t.net","SVP, Operations","Operations","Ron Sage","Word of mouth","1931-10-07 00:00:00","","0051000000339UwAAI","0","0","0","2014-11-17 11:46:18","0051000000339UwAAI","2014-11-17 11:46:18","0051000000339UwAAI","2014-11-17 11:46:18","","","","","","","","Pending","Primary","English"
"0031000000i2QR2AAM","0","","0011000000ts0w5AAA","Mr.","Josh","Davis","","","","","","","","621 SW 5th Avenue Suite 400 Portland, Oregon 97204 United States","","","","","","","(503) 421-7800","(503) 421-7801","(503) 421-4387","","","","","j.davis@expressl&t.net","Director, Warehouse Mgmt","Warehouse Mgmt","","Word of mouth","1943-01-31 00:00:00","","0051000000339UwAAI","0","0","0","2014-11-17 11:46:18","0051000000339UwAAI","2014-11-17 11:46:18","0051000000339UwAAI","2014-11-17 11:46:18","","","","","","","","Pending","Secondary","English"
"0031000000i2QR3AAM","0","","0011000000ts0w6AAA","Ms.","Jane","Grey","","","","","","","","888 N Euclid  Hallis Center, Room 501 Tucson, AZ 85721 United States","","","","","","","(520) 773-9050","(520) 773-9060","(520) 773-4539","","","","","jane_gray@uoa.edu","Dean of Administration","Administration","","Word of mouth","1938-12-18 00:00:00","","0051000000339UwAAI","0","0","0","2014-11-17 11:46:18","0051000000339UwAAI","2014-11-17 11:46:18","0051000000339UwAAI","2014-11-17 11:46:18","","","","","","","","Pending","Primary","English"
"0031000000i2QR4AAM","0","","0011000000ts0w7AAA","Mr.","Arthur","Song","","","","","","","","1301 Avenue of the Americas  New York, NY 10019 USA","","","","","","","(212) 842-5500","(212) 842-5501","(212) 842-4535","","","(212) 842-5464","","asong@uog.com","CEO","Executive Team","Pat Feinstein","Public Relations","1946-06-18 00:00:00","","0051000000339UwAAI","0","0","0","2014-11-17 11:46:18","0051000000339UwAAI","2014-11-17 11:46:18","0051000000339UwAAI","2014-11-17 11:46:18","","","","","","","","Pending","Secondary","English"
"0031000000i2QR5AAM","0","","0011000000ts0vyAAA","Ms.","Ashley","James","","","","","","","","Kings Park, 17th Avenue, Team Valley Trading Estate, Gateshead, Tyne and Wear NE26 3HS United Kingdom","","","","","","","+44 191 4956203","+44 191 4956620","+44 191 3456234","","","","","ajames@uog.com","VP, Finance","Finance","","Public Relations","1941-02-25 00:00:00","","0051000000339UwAAI","0","0","0","2014-11-17 11:46:18","0051000000339UwAAI","2014-11-17 11:46:18","0051000000339UwAAI","2014-11-17 11:46:18","","","","","","","","Pending","Primary","English"
"0031000000i2QR6AAM","0","","0011000000ts0vzAAA","Mr.","Tom","Ripley","","","","","","","","9 Tagore Lane Singapore, Singapore 787472 Singapore","","","","","","","(650) 450-8810","(650) 450-8820","(650) 345-7636","","","","","tripley@uog.com","Regional General Manager","Executive Team","","Public Relations","1945-04-24 00:00:00","","0051000000339UwAAI","0","0","0","2014-11-17 11:46:18","0051000000339UwAAI","2014-11-17 11:46:18","0051000000339UwAAI","2014-11-17 11:46:18","","","","","","","","Pending","Primary","English"
"0031000000i2QR7AAM","0","","0011000000ts0vzAAA","Ms.","Liz","D'Cruz","","","","","","","","10 Tagore Lane Singapore, Singapore 787472 Singapore","","","","","","","(650) 450-8810","(650) 450-8820","(650) 345-6637","","","","","ldcruz@uog.com","VP, Production","Production","","Public Relations","1956-08-04 00:00:00","","0051000000339UwAAI","0","0","0","2014-11-17 11:46:18","0051000000339UwAAI","2014-11-17 11:46:18","0051000000339UwAAI","2014-11-17 11:46:18","","","","","","","","Pending","Secondary","English"
"0031000000i2QR8AAM","0","","0011000000ts0vxAAA","Ms.","Edna","Frank","","","","","","","","345 Shoreline Park Mountain View, CA 94043 USA","","","","","","","(650) 867-3450","(650) 867-9895","(650) 867-7686","","","","","efrank@genepoint.com","VP, Technology","Technology","","Partner","1937-01-09 00:00:00","","0051000000339UwAAI","0","0","0","2014-11-17 11:46:18","0051000000339UwAAI","2014-11-17 11:46:18","0051000000339UwAAI","2014-11-17 11:46:18","","","","","","","","Pending","Primary","English"
"0031000000i2QR9AAM","0","","0011000000ts0w7AAA","Mr.","Avi","Green","","","","","","","","1302 Avenue of the Americas  New York, NY 10019 USA","","","","","","","(212) 842-5500","(212) 842-5501","(212) 842-2383","","","(212) 842-5428","","agreen@uog.com","CFO","Finance","Chris Nobel","Public Relations","1928-05-29 00:00:00","","0051000000339UwAAI","0","0","0","2014-11-17 11:46:18","0051000000339UwAAI","2014-11-17 11:46:18","0051000000339UwAAI","2014-11-17 11:46:18","","","","","","","","Pending","Primary","English"
"0031000000i2QRAAA2","0","","0011000000ts0w8AAA","Ms.","Siddartha","Nedaerk","","","","","","","","The Landmark @ One Market","San Francisco","CA","94087","US","","","","","","","","","","","","","","","","","0051000000339UwAAI","0","0","0","2014-11-17 11:46:18","0051000000339UwAAI","2014-11-17 11:46:18","0051000000339UwAAI","2014-11-17 11:46:18","","","","","","","","Pending","",""
"0031000000i2QRBAA2","0","","0011000000ts0w8AAA","Mr.","Jake","Llorrac","","","","","","","","","","","","","","","","","","","","","","","","","","","","","0051000000339UwAAI","0","0","0","2014-11-17 11:46:18","0051000000339UwAAI","2014-11-17 11:46:18","0051000000339UwAAI","2014-11-17 11:46:18","","","","","","","","Pending","",""
