"Id","TableEnumOrId","FieldEnumOrId","CreatedById","CreatedDate"
"0G110000000DnhICAS","Account","Name","0051000000339UwAAI","2014-11-17 11:47:03"
"0G110000000DnhJCAS","Account","Owner","0051000000339UwAAI","2014-11-17 11:47:03"
"0G110000000DnhKCAS","Account","000000000000000","0051000000339UwAAI","2014-11-17 11:47:03"
"0G110000000DnhLCAS","Contact","Account","0051000000339UwAAI","2014-11-17 11:47:03"
"0G110000000DnhMCAS","Contact","Name","0051000000339UwAAI","2014-11-17 11:47:03"
"0G110000000DnhNCAS","Contact","Owner","0051000000339UwAAI","2014-11-17 11:47:03"
"0G110000000DnhOCAS","Contact","000000000000000","0051000000339UwAAI","2014-11-17 11:47:03"
"0G110000000DnhPCAS","Lead","Name","0051000000339UwAAI","2014-11-17 11:47:03"
"0G110000000DnhQCAS","Lead","Status","0051000000339UwAAI","2014-11-17 11:47:03"
"0G110000000DnhRCAS","Lead","Owner","0051000000339UwAAI","2014-11-17 11:47:03"
"0G110000000DnhSCAS","Lead","000000000000000","0051000000339UwAAI","2014-11-17 11:47:03"
"0G110000000DnhTCAS","Opportunity","Name","0051000000339UwAAI","2014-11-17 11:47:03"
"0G110000000DnhUCAS","Opportunity","StageName","0051000000339UwAAI","2014-11-17 11:47:03"
"0G110000000DnhVCAS","Opportunity","Amount","0051000000339UwAAI","2014-11-17 11:47:03"
"0G110000000DnhWCAS","Opportunity","CloseDate","0051000000339UwAAI","2014-11-17 11:47:03"
"0G110000000DnhXCAS","Opportunity","Owner","0051000000339UwAAI","2014-11-17 11:47:03"
"0G110000000DnhYCAS","Opportunity","000000000000000","0051000000339UwAAI","2014-11-17 11:47:03"
"0G110000000DnhaCAC","Case","Priority","0051000000339UwAAI","2014-11-17 11:47:03"
"0G110000000DnhbCAC","Case","Owner","0051000000339UwAAI","2014-11-17 11:47:03"
"0G110000000DnhcCAC","Case","000000000000000","0051000000339UwAAI","2014-11-17 11:47:03"
"0G110000000DnhdCAC","ContentDocument","000000000000000","0051000000339UwAAI","2014-11-17 11:47:03"
"0G110000000DnheCAC","CollaborationGroup","Name","0051000000339UwAAI","2014-11-17 11:47:03"
"0G110000000DnhfCAC","CollaborationGroup","Owner","0051000000339UwAAI","2014-11-17 11:47:03"
"0G110000000DnhgCAC","CollaborationGroup","CollaborationType","0051000000339UwAAI","2014-11-17 11:47:03"
"0G110000000DnhhCAC","CollaborationGroup","Description","0051000000339UwAAI","2014-11-17 11:47:03"
"0G110000000DnhiCAC","CollaborationGroup","InformationTitle","0051000000339UwAAI","2014-11-17 11:47:03"
"0G110000000DnhjCAC","CollaborationGroup","InformationBody","0051000000339UwAAI","2014-11-17 11:47:03"
"0G110000000DnhkCAC","CollaborationGroup","CanHaveGuests","0051000000339UwAAI","2014-11-17 11:47:03"
"0G110000000DnhlCAC","CollaborationGroup","000000000000000","0051000000339UwAAI","2014-11-17 11:47:03"
"0G110000000DnhmCAC","Site","000000000000000","0051000000339UwAAI","2014-11-17 11:47:03"
"0G110000000DnhnCAC","Topic","000000000000000","0051000000339UwAAI","2014-11-17 11:47:03"
"0G110000000DnhoCAC","User","Title","0051000000339UwAAI","2014-11-17 11:47:03"
"0G110000000DnhpCAC","User","Address","0051000000339UwAAI","2014-11-17 11:47:03"
"0G110000000DnhqCAC","User","Email","0051000000339UwAAI","2014-11-17 11:47:03"
"0G110000000DnhrCAC","User","Phone","0051000000339UwAAI","2014-11-17 11:47:03"
"0G110000000DnhsCAC","User","Manager","0051000000339UwAAI","2014-11-17 11:47:03"
"0G110000000DnhtCAC","User","AboutMe","0051000000339UwAAI","2014-11-17 11:47:03"
"0G110000000DnhuCAC","User","000000000000000","0051000000339UwAAI","2014-11-17 11:47:03"
"0G110000000DnhvCAC","ProfileSkill","Name","0051000000339UwAAI","2014-11-17 11:47:03"
"0G110000000DnhwCAC","ProfileSkill","Description","0051000000339UwAAI","2014-11-17 11:47:03"
"0G110000000DnhxCAC","ProfileSkill","000000000000000","0051000000339UwAAI","2014-11-17 11:47:03"
"0G110000000DnhyCAC","WorkPerformanceCycle","000000000000000","0051000000339UwAAI","2014-11-17 11:47:03"
"0G110000000DnhzCAC","WorkFeedbackRequest","000000000000000","0051000000339UwAAI","2014-11-17 11:47:03"
"0G110000000Dni0CAC","WorkCoaching","000000000000000","0051000000339UwAAI","2014-11-17 11:47:03"
"0G110000000Dni1CAC","WorkGoal","000000000000000","0051000000339UwAAI","2014-11-17 11:47:03"
"0G110000000Dni2CAC","Goal","000000000000000","0051000000339UwAAI","2014-11-17 11:47:03"
"0G110000000Dni3CAC","Metric","000000000000000","0051000000339UwAAI","2014-11-17 11:47:03"
"0G110000000Dni4CAC","WorkUpgradeAction","000000000000000","0051000000339UwAAI","2014-11-17 11:47:03"
"0G110000000Dni5CAC","WorkUpgradeCustomer","000000000000000","0051000000339UwAAI","2014-11-17 11:47:03"
"0G110000000Dni7CAC","Topic","Description","0051000000339UwAAI","2014-11-17 11:47:19"
