"Id","TableEnumOrId","FieldEnumOrId","CreatedById","CreatedDate"
"73710000001oBrYAAU","Case","Asset","0051000000339UwAAI","2014-11-17 11:46:18"
"73710000001oBrZAAU","Case","Contact","0051000000339UwAAI","2014-11-17 11:46:18"
"73710000001oBraAAE","Case","CurrencyIsoCode","0051000000339UwAAI","2014-11-17 11:46:18"
"73710000001oBrbAAE","Case","Description","0051000000339UwAAI","2014-11-17 11:46:18"
"73710000001oBrcAAE","Case","IsVisibleInSelfService","0051000000339UwAAI","2014-11-17 11:46:18"
"73710000001oBrdAAE","Case","Origin","0051000000339UwAAI","2014-11-17 11:46:18"
"73710000001oBreAAE","Case","Owner","0051000000339UwAAI","2014-11-17 11:46:18"
"73710000001oBrfAAE","Case","Priority","0051000000339UwAAI","2014-11-17 11:46:18"
"73710000001oBrgAAE","Case","Reason","0051000000339UwAAI","2014-11-17 11:46:18"
"73710000001oBrhAAE","Case","RecordType","0051000000339UwAAI","2014-11-17 11:46:18"
"73710000001oBriAAE","Case","Status","0051000000339UwAAI","2014-11-17 11:46:18"
"73710000001oBrjAAE","Case","Subject","0051000000339UwAAI","2014-11-17 11:46:18"
"73710000001oBrkAAE","Case","Type","0051000000339UwAAI","2014-11-17 11:46:18"
"73710000001oBrlAAE","Contract","Account","0051000000339UwAAI","2014-11-17 11:46:18"
"73710000001oBrmAAE","Contract","AutoRenewCode","0051000000339UwAAI","2014-11-17 11:46:18"
"73710000001oBrnAAE","Contract","BankAccountName","0051000000339UwAAI","2014-11-17 11:46:18"
"73710000001oBroAAE","Contract","BankAccountNumber","0051000000339UwAAI","2014-11-17 11:46:18"
"73710000001oBrpAAE","Contract","BankAccountType","0051000000339UwAAI","2014-11-17 11:46:18"
"73710000001oBrqAAE","Contract","BankAddress","0051000000339UwAAI","2014-11-17 11:46:18"
"73710000001oBrrAAE","Contract","BankBranchCode","0051000000339UwAAI","2014-11-17 11:46:18"
"73710000001oBrsAAE","Contract","BankCode","0051000000339UwAAI","2014-11-17 11:46:18"
"73710000001oBrtAAE","Contract","BankName","0051000000339UwAAI","2014-11-17 11:46:18"
"73710000001oBruAAE","Contract","BankReferenceNumber","0051000000339UwAAI","2014-11-17 11:46:18"
"73710000001oBrvAAE","Contract","BillingAddress","0051000000339UwAAI","2014-11-17 11:46:18"
"73710000001oBrwAAE","Contract","BillingCompany","0051000000339UwAAI","2014-11-17 11:46:18"
"73710000001oBrxAAE","Contract","BillingEmail","0051000000339UwAAI","2014-11-17 11:46:18"
"73710000001oBryAAE","Contract","BillingFax","0051000000339UwAAI","2014-11-17 11:46:18"
"73710000001oBrzAAE","Contract","BillingLanguage","0051000000339UwAAI","2014-11-17 11:46:18"
"73710000001oBs0AAE","Contract","BillingName","0051000000339UwAAI","2014-11-17 11:46:18"
"73710000001oBs1AAE","Contract","BillingPhone","0051000000339UwAAI","2014-11-17 11:46:18"
"73710000001oBs2AAE","Contract","CompanySigned","0051000000339UwAAI","2014-11-17 11:46:18"
"73710000001oBs3AAE","Contract","CompanySignedDate","0051000000339UwAAI","2014-11-17 11:46:18"
"73710000001oBs4AAE","Contract","ContractTerm","0051000000339UwAAI","2014-11-17 11:46:18"
"73710000001oBs5AAE","Contract","CreditCardExpirationDate","0051000000339UwAAI","2014-11-17 11:46:18"
"73710000001oBs6AAE","Contract","CreditCardNumber","0051000000339UwAAI","2014-11-17 11:46:18"
"73710000001oBs7AAE","Contract","CreditCardType","0051000000339UwAAI","2014-11-17 11:46:18"
"73710000001oBs8AAE","Contract","CurrencyIsoCode","0051000000339UwAAI","2014-11-17 11:46:18"
"73710000001oBs9AAE","Contract","CustomerExpirationNotice","0051000000339UwAAI","2014-11-17 11:46:18"
"73710000001oBsAAAU","Contract","CustomerSigned","0051000000339UwAAI","2014-11-17 11:46:18"
"73710000001oBsBAAU","Contract","CustomerSignedDate","0051000000339UwAAI","2014-11-17 11:46:18"
"73710000001oBsCAAU","Contract","CustomerSignedTitle","0051000000339UwAAI","2014-11-17 11:46:18"
"73710000001oBsDAAU","Contract","Description","0051000000339UwAAI","2014-11-17 11:46:18"
"73710000001oBsEAAU","Contract","EndDate","0051000000339UwAAI","2014-11-17 11:46:18"
"73710000001oBsFAAU","Contract","InvoiceDispatchMethod","0051000000339UwAAI","2014-11-17 11:46:18"
"73710000001oBsGAAU","Contract","IsDunningSuppressed","0051000000339UwAAI","2014-11-17 11:46:18"
"73710000001oBsHAAU","Contract","Name","0051000000339UwAAI","2014-11-17 11:46:18"
"73710000001oBsIAAU","Contract","NameOnCreditCard","0051000000339UwAAI","2014-11-17 11:46:18"
"73710000001oBsJAAU","Contract","OfferExpirationDate","0051000000339UwAAI","2014-11-17 11:46:18"
"73710000001oBsKAAU","Contract","OrderPrebillDays","0051000000339UwAAI","2014-11-17 11:46:18"
"73710000001oBsLAAU","Contract","Owner","0051000000339UwAAI","2014-11-17 11:46:18"
"73710000001oBsMAAU","Contract","OwnerExpirationNotice","0051000000339UwAAI","2014-11-17 11:46:18"
"73710000001oBsNAAU","Contract","PaymentTerm","0051000000339UwAAI","2014-11-17 11:46:18"
"73710000001oBsOAAU","Contract","PaymentType","0051000000339UwAAI","2014-11-17 11:46:18"
"73710000001oBsPAAU","Contract","Pricebook2","0051000000339UwAAI","2014-11-17 11:46:18"
"73710000001oBsQAAU","Contract","RecordType","0051000000339UwAAI","2014-11-17 11:46:18"
"73710000001oBsRAAU","Contract","RenewalDays","0051000000339UwAAI","2014-11-17 11:46:18"
"73710000001oBsSAAU","Contract","RenewalTerm","0051000000339UwAAI","2014-11-17 11:46:18"
"73710000001oBsTAAU","Contract","Salesrep1","0051000000339UwAAI","2014-11-17 11:46:18"
"73710000001oBsUAAU","Contract","Salesrep1Percent","0051000000339UwAAI","2014-11-17 11:46:18"
"73710000001oBsVAAU","Contract","Salesrep2","0051000000339UwAAI","2014-11-17 11:46:18"
"73710000001oBsWAAU","Contract","Salesrep2Percent","0051000000339UwAAI","2014-11-17 11:46:18"
"73710000001oBsXAAU","Contract","Salesrep3","0051000000339UwAAI","2014-11-17 11:46:18"
"73710000001oBsYAAU","Contract","Salesrep3Percent","0051000000339UwAAI","2014-11-17 11:46:18"
"73710000001oBsZAAU","Contract","ShippingAddress","0051000000339UwAAI","2014-11-17 11:46:18"
"73710000001oBsaAAE","Contract","SpecialTerms","0051000000339UwAAI","2014-11-17 11:46:18"
"73710000001oBsbAAE","Contract","StartDate","0051000000339UwAAI","2014-11-17 11:46:18"
"73710000001oBscAAE","Contract","Status","0051000000339UwAAI","2014-11-17 11:46:18"
"73710000001oBsdAAE","Contract","TaxExemptionCode","0051000000339UwAAI","2014-11-17 11:46:18"
"73710000001oBseAAE","Order","BillToContact","0051000000339UwAAI","2014-11-17 11:46:18"
"73710000001oBsfAAE","Order","BillingAddress","0051000000339UwAAI","2014-11-17 11:46:18"
"73710000001oBsgAAE","Order","CompanyAuthorizedBy","0051000000339UwAAI","2014-11-17 11:46:18"
"73710000001oBshAAE","Order","CompanyAuthorizedDate","0051000000339UwAAI","2014-11-17 11:46:18"
"73710000001oBsiAAE","Order","CustomerAuthorizedBy","0051000000339UwAAI","2014-11-17 11:46:18"
"73710000001oBsjAAE","Order","CustomerAuthorizedDate","0051000000339UwAAI","2014-11-17 11:46:18"
"73710000001oBskAAE","Order","Description","0051000000339UwAAI","2014-11-17 11:46:18"
"73710000001oBslAAE","Order","EffectiveDate","0051000000339UwAAI","2014-11-17 11:46:18"
"73710000001oBsmAAE","Order","InternalComments","0051000000339UwAAI","2014-11-17 11:46:18"
"73710000001oBsnAAE","Order","Name","0051000000339UwAAI","2014-11-17 11:46:18"
"73710000001oBsoAAE","Order","OfferExpirationDate","0051000000339UwAAI","2014-11-17 11:46:18"
"73710000001oBspAAE","Order","OrderReferenceNumber","0051000000339UwAAI","2014-11-17 11:46:18"
"73710000001oBsqAAE","Order","PoDate","0051000000339UwAAI","2014-11-17 11:46:18"
"73710000001oBsrAAE","Order","PoNumber","0051000000339UwAAI","2014-11-17 11:46:18"
"73710000001oBssAAE","Order","ProcessingInstruction","0051000000339UwAAI","2014-11-17 11:46:18"
"73710000001oBstAAE","Order","ShipToContact","0051000000339UwAAI","2014-11-17 11:46:18"
"73710000001oBsuAAE","Order","ShippingAddress","0051000000339UwAAI","2014-11-17 11:46:18"
"73710000001oBsvAAE","Order","Status","0051000000339UwAAI","2014-11-17 11:46:18"
"73710000001oBswAAE","Order","TotalAmount","0051000000339UwAAI","2014-11-17 11:46:18"
"73710000001oBsxAAE","Order","Type","0051000000339UwAAI","2014-11-17 11:46:18"
"73710000001oBsyAAE","Solution","CurrencyIsoCode","0051000000339UwAAI","2014-11-17 11:46:18"
"73710000001oBszAAE","Solution","IsPublished","0051000000339UwAAI","2014-11-17 11:46:18"
"73710000001oBt0AAE","Solution","IsPublishedInPublicKb","0051000000339UwAAI","2014-11-17 11:46:18"
"73710000001oBt1AAE","Solution","Owner","0051000000339UwAAI","2014-11-17 11:46:18"
"73710000001oBt2AAE","Solution","RecordType","0051000000339UwAAI","2014-11-17 11:46:18"
"73710000001oBt3AAE","Solution","SolutionName","0051000000339UwAAI","2014-11-17 11:46:18"
"73710000001oBt4AAE","Solution","SolutionNote","0051000000339UwAAI","2014-11-17 11:46:18"
"73710000001oBt5AAE","Solution","Status","0051000000339UwAAI","2014-11-17 11:46:18"
