"Id","IsDeleted","MasterRecordId","Salutation","FirstName","LastName","Title","Company","Street","City","State","PostalCode","Country","Latitude","Longitude","Phone","MobilePhone","Fax","Email","Website","Description","LeadSource","Status","Industry","Rating","AnnualRevenue","NumberOfEmployees","OwnerId","HasOptedOutOfEmail","IsConverted","ConvertedDate","ConvertedAccountId","ConvertedContactId","ConvertedOpportunityId","IsUnreadByOwner","CreatedDate","CreatedById","LastModifiedDate","LastModifiedById","SystemModstamp","LastActivityDate","DoNotCall","HasOptedOutOfFax","LastTransferDate","Jigsaw","JigsawContactId","CleanStatus","CompanyDunsNumber","DandbCompanyId","EmailBouncedReason","EmailBouncedDate","SICCode__c","ProductInterest__c","Primary__c","CurrentGenerators__c","NumberofLocations__c"
"00Q1000000GwgCgEAJ","0","","Ms.","Bertha","Boxer","Director of Vendor Relations","Farmers Coop. of Florida","321 Westcott Building","Tallahassee","FL","32306","USA","","","(850) 644-4200","","(850) 644-4300","bertha@fcof.net","","","Web","Working - Contacted","Agriculture","Hot","900750000","","0051000000339UwAAI","0","0","","000000000000000AAA","000000000000000AAA","000000000000000AAA","1","2014-11-17 11:46:18","0051000000339UwAAI","2014-11-17 11:46:18","0051000000339UwAAI","2014-11-17 11:46:18","","0","0","2012-08-14 18:59:53","","","Pending","","","","","2768","GC5000 series","Yes","All","130.0"
"00Q1000000GwgChEAJ","0","","Ms","Phyllis","Cotton","CFO","Abbott Insurance","","","VA","","USA","","","(703) 757-1000","","","pcotton@abbottins.net","","","Web","Open - Not Contacted","","","","","0051000000339UwAAI","0","0","","000000000000000AAA","000000000000000AAA","000000000000000AAA","1","2014-11-17 11:46:18","0051000000339UwAAI","2014-11-17 11:46:18","0051000000339UwAAI","2014-11-17 11:46:18","","0","0","2012-08-14 18:59:53","","","Pending","","","","","2768","GC5000 series","Yes","All","130.0"
"00Q1000000GwgCiEAJ","0","","Mr","Jeff","Glimpse","SVP, Procurement","Jackson Controls","","","","","Taiwan","","","886-2-25474189","","","jeffg@jackson.com","","","Phone Inquiry","Open - Not Contacted","","","","","0051000000339UwAAI","0","0","","000000000000000AAA","000000000000000AAA","000000000000000AAA","1","2014-11-17 11:46:18","0051000000339UwAAI","2014-11-17 11:46:18","0051000000339UwAAI","2014-11-17 11:46:18","","0","0","2012-08-14 18:59:53","","","Pending","","","","","2768","GC5000 series","Yes","All","130.0"
"00Q1000000GwgCjEAJ","0","","Mr","Mike","Braund","VP, Technology","Metropolitan Health Services","","","MD","","USA","","","(410) 381-2334","","","likeb@metro.com","","","Purchased List","Open - Not Contacted","","","","","0051000000339UwAAI","0","0","","000000000000000AAA","000000000000000AAA","000000000000000AAA","1","2014-11-17 11:46:18","0051000000339UwAAI","2014-11-17 11:46:18","0051000000339UwAAI","2014-11-17 11:46:18","","0","0","2012-08-14 18:59:53","","","Pending","","","","","2768","GC5000 series","Yes","All","130.0"
"00Q1000000GwgCkEAJ","0","","Ms","Patricia","Feager","CEO","International Shipping Co.","","","NC","","USA","","","(336) 777-1970","","","patricia_feager@is.com","","","Partner Referral","Working - Contacted","","","","","0051000000339UwAAI","0","0","","000000000000000AAA","000000000000000AAA","000000000000000AAA","1","2014-11-17 11:46:18","0051000000339UwAAI","2014-11-17 11:46:18","0051000000339UwAAI","2014-11-17 11:46:18","","0","0","2012-08-14 18:59:53","","","Pending","","","","","2768","GC5000 series","Yes","All","130.0"
"00Q1000000GwgClEAJ","0","","Ms","Brenda","Mcclure","CFO","Cadinal Inc.","","","IL","","USA","","","(847) 262-5000","","","brenda@cardinal.net","","","Web","Working - Contacted","","","","","0051000000339UwAAI","0","0","","000000000000000AAA","000000000000000AAA","000000000000000AAA","1","2014-11-17 11:46:18","0051000000339UwAAI","2014-11-17 11:46:18","0051000000339UwAAI","2014-11-17 11:46:18","","0","0","2012-08-14 18:59:53","","","Pending","","","","","2768","GC5000 series","Yes","All","130.0"
"00Q1000000GwgCmEAJ","0","","Ms","Violet","Maccleod","VP, Finance","Emerson Transport","","","GA","","USA","","","(770) 395-2370","","","violetm@emersontransport.com","","","Phone Inquiry","Working - Contacted","","","","","0051000000339UwAAI","0","0","","000000000000000AAA","000000000000000AAA","000000000000000AAA","1","2014-11-17 11:46:18","0051000000339UwAAI","2014-11-17 11:46:18","0051000000339UwAAI","2014-11-17 11:46:18","","0","0","2012-08-14 18:59:53","","","Pending","","","","","2768","GC5000 series","Yes","All","130.0"
"00Q1000000GwgCnEAJ","0","","Ms","Kathy","Snyder","Regional General Manager","TNR Corp.","","","CT","","USA","","","(860) 273-0123","","","ksynder@tnr.net","","","Purchased List","Working - Contacted","","","","","0051000000339UwAAI","0","0","","000000000000000AAA","000000000000000AAA","000000000000000AAA","1","2014-11-17 11:46:18","0051000000339UwAAI","2014-11-17 11:46:18","0051000000339UwAAI","2014-11-17 11:46:18","","0","0","2012-08-14 18:59:53","","","Pending","","","","","2768","GC5000 series","Yes","All","130.0"
"00Q1000000GwgCoEAJ","0","","Mr","Tom","James","SVP, Production","Delphi Chemicals","","","MN","","USA","","","(952) 346-3500","","","tom.james@delphi.chemicals.com","","","Web","Working - Contacted","","","","","0051000000339UwAAI","0","0","","000000000000000AAA","000000000000000AAA","000000000000000AAA","1","2014-11-17 11:46:18","0051000000339UwAAI","2014-11-17 11:46:18","0051000000339UwAAI","2014-11-17 11:46:18","","0","0","2012-08-14 18:59:53","","","Pending","","","","","2768","GC5000 series","Yes","All","130.0"
"00Q1000000GwgCpEAJ","0","","Ms","Shelly","Brownell","SVP, Technology","Western Telecommunications Corp.","","","CA","","USA","","","(408) 326-9000","","","shellyb@westerntelecom.com","","","Partner Referral","Working - Contacted","","","","","0051000000339UwAAI","0","0","","000000000000000AAA","000000000000000AAA","000000000000000AAA","1","2014-11-17 11:46:18","0051000000339UwAAI","2014-11-17 11:46:18","0051000000339UwAAI","2014-11-17 11:46:18","","0","0","2012-08-14 18:59:53","","","Pending","","","","","2768","GC5000 series","Yes","All","130.0"
"00Q1000000GwgCqEAJ","0","","Ms","Pamela","Owenby","SVP, Technology","Hendrickson Trading","","","PA","","USA","","","(570) 326-1571","","","pam_owenby@hendricksontrading.com","","","Partner Referral","Closed - Not Converted","","","","","0051000000339UwAAI","0","0","","000000000000000AAA","000000000000000AAA","000000000000000AAA","1","2014-11-17 11:46:18","0051000000339UwAAI","2014-11-17 11:46:18","0051000000339UwAAI","2014-11-17 11:46:18","","0","0","2012-08-14 18:59:53","","","Pending","","","","","7267","GC5000 series","Yes","John Deere","3.0"
"00Q1000000GwgCrEAJ","0","","Mr","Norm","May","VP, Facilities","Greenwich Media","","","OH","","USA","","","(419) 289-3555","","","norm_may@greenwich.net","","","Web","Working - Contacted","","","","","0051000000339UwAAI","0","0","","000000000000000AAA","000000000000000AAA","000000000000000AAA","1","2014-11-17 11:46:18","0051000000339UwAAI","2014-11-17 11:46:18","0051000000339UwAAI","2014-11-17 11:46:18","","0","0","2012-08-14 18:59:53","","","Pending","","","","","2768","GC5000 series","Yes","All","130.0"
"00Q1000000GwgCsEAJ","0","","Ms","Pat","Stumuller","SVP, Administration and Finance","Pyramid Construction Inc.","","","","","France","","","33562156600","","","pat@pyramid.net","","","Phone Inquiry","Closed - Converted","","","","","0051000000339UwAAI","0","0","","000000000000000AAA","000000000000000AAA","000000000000000AAA","1","2014-11-17 11:46:18","0051000000339UwAAI","2014-11-17 11:46:18","0051000000339UwAAI","2014-11-17 11:46:18","","0","0","2012-08-14 18:59:53","","","Pending","","","","","2768","GC5000 series","Yes","All","130.0"
"00Q1000000GwgCtEAJ","0","","Mr","Andy","Young","SVP, Operations","Dickenson plc","","","KS","","USA","","","(620) 241-6200","","","a_young@dickenson.com","","","Purchased List","Closed - Converted","","","","","0051000000339UwAAI","0","0","","000000000000000AAA","000000000000000AAA","000000000000000AAA","1","2014-11-17 11:46:18","0051000000339UwAAI","2014-11-17 11:46:18","0051000000339UwAAI","2014-11-17 11:46:18","","0","0","2012-08-14 18:59:53","","","Pending","","","","","2768","GC5000 series","Yes","All","130.0"
"00Q1000000GwgCuEAJ","0","","Ms","Kristen","Akin","Director, Warehouse Mgmt","Aethna Home Products","","","VA","","USA","","","(434) 369-3100","","","kakin@athenahome.com","","","Partner Referral","Working - Contacted","","","","","0051000000339UwAAI","0","0","","000000000000000AAA","000000000000000AAA","000000000000000AAA","1","2014-11-17 11:46:18","0051000000339UwAAI","2014-11-17 11:46:18","0051000000339UwAAI","2014-11-17 11:46:18","","0","0","2012-08-14 18:59:53","","","Pending","","","","","2768","GC5000 series","Yes","All","130.0"
"00Q1000000GwgCvEAJ","0","","Mr","David","Monaco","CFO","Blues Entertainment Corp.","","","","","Japan","","","(033) 452-1299","","","david@blues.com","","","Purchased List","Working - Contacted","","","","","0051000000339UwAAI","0","0","","000000000000000AAA","000000000000000AAA","000000000000000AAA","1","2014-11-17 11:46:18","0051000000339UwAAI","2014-11-17 11:46:18","0051000000339UwAAI","2014-11-17 11:46:18","","0","0","2012-08-14 18:59:53","","","Pending","","","","","2768","GC5000 series","Yes","All","130.0"
"00Q1000000GwgCwEAJ","0","","Ms","Carolyn","Crenshaw","VP, Technology","Ace Iron and Steel Inc.","","","AL","","USA","","","(251) 679-2200","","","carolync@aceis.com","","","Phone Inquiry","Closed - Not Converted","","","","","0051000000339UwAAI","0","0","","000000000000000AAA","000000000000000AAA","000000000000000AAA","1","2014-11-17 11:46:18","0051000000339UwAAI","2014-11-17 11:46:18","0051000000339UwAAI","2014-11-17 11:46:18","","0","0","2012-08-14 18:59:53","","","Pending","","","","","2768","GC5000 series","Yes","All","130.0"
"00Q1000000GwgCxEAJ","0","","Mr.","Jack","Rogers","VP, Facilities","Burlington Textiles Corp of America","525 S. Lexington Ave","Burlington","NC","27215","USA","","","(336) 222-7000","","(336) 222-8000","jrogers@btca.com","","","Web","Closed - Converted","Apparel","Warm","350000000","9000","0051000000339UwAAI","0","0","","000000000000000AAA","000000000000000AAA","000000000000000AAA","1","2014-11-17 11:46:18","0051000000339UwAAI","2014-11-17 11:46:18","0051000000339UwAAI","2014-11-17 11:46:18","","0","0","2012-08-14 18:59:53","","","Pending","","","","","7267","GC5000 series","Yes","John Deere","3.0"
"00Q1000000GwgCyEAJ","0","","Mr","Bill","Dadio Jr","CFO","Zenith Industrial Partners","","","OH","","USA","","","(614) 431-5000","","","bill_dadio@zenith.com","","","Web","Closed - Not Converted","","","","","0051000000339UwAAI","0","0","","000000000000000AAA","000000000000000AAA","000000000000000AAA","1","2014-11-17 11:46:18","0051000000339UwAAI","2014-11-17 11:46:18","0051000000339UwAAI","2014-11-17 11:46:18","","0","0","2012-08-14 18:59:53","","","Pending","","","","","7267","GC5000 series","Yes","John Deere","3.0"
"00Q1000000GwgCzEAJ","0","","Ms","Eugena","Luce","CEO","Pacific Retail Group","","","MA","","USA","","","(781) 270-6500","","","eluce@pacificretail.com","","","Purchased List","Closed - Not Converted","","","","","0051000000339UwAAI","0","0","","000000000000000AAA","000000000000000AAA","000000000000000AAA","1","2014-11-17 11:46:18","0051000000339UwAAI","2014-11-17 11:46:18","0051000000339UwAAI","2014-11-17 11:46:18","","0","0","2012-08-14 18:59:53","","","Pending","","","","","2768","GC5000 series","Yes","All","130.0"
"00Q1000000GwgD0EAJ","0","","Ms","Sandra","Eberhard","VP, Production","Highland Manufacturing Ltd.","","","CA","","USA","","","(626) 440-0700","","","sandra_e@highland.net","","","Purchased List","Working - Contacted","","","","","0051000000339UwAAI","0","0","","000000000000000AAA","000000000000000AAA","000000000000000AAA","1","2014-11-17 11:46:18","0051000000339UwAAI","2014-11-17 11:46:18","0051000000339UwAAI","2014-11-17 11:46:18","","0","0","2012-08-14 18:59:53","","","Pending","","","","","2768","GC5000 series","Yes","All","130.0"
"00Q1000000GwgD1EAJ","0","","Ms","Betty","Bair","VP, Administration","American Banking Corp.","","","PA","","USA","","","(610) 265-9100","","","bblair@abankingco.com","","","Purchased List","Working - Contacted","","","","","0051000000339UwAAI","0","0","","000000000000000AAA","000000000000000AAA","000000000000000AAA","1","2014-11-17 11:46:18","0051000000339UwAAI","2014-11-17 11:46:18","0051000000339UwAAI","2014-11-17 11:46:18","","0","0","2012-08-14 18:59:53","","","Pending","","","","","2768","GC5000 series","Yes","All","130.0"
