"Id","IsDeleted","AccountId","IsPrivate","Name","Description","StageName","StageSortOrder","Amount","Probability","ExpectedRevenue","TotalOpportunityQuantity","CloseDate","Type","NextStep","LeadSource","IsClosed","IsWon","ForecastCategory","ForecastCategoryName","CampaignId","HasOpportunityLineItem","Pricebook2Id","OwnerId","CreatedDate","CreatedById","LastModifiedDate","LastModifiedById","SystemModstamp","LastActivityDate","LastStageChangeDate","FiscalYear","FiscalQuarter","PrimaryPartnerAccountId","ContractId","DeliveryInstallationStatus__c","TrackingNumber__c","OrderNumber__c","CurrentGenerators__c","MainCompetitors__c"
"0061000000am6nUAAQ","0","0011000000ts0w3AAA","0","Dickenson Mobile Generators","","Qualification","2","15000","10","1500","","2012-10-27 00:00:00","New Customer","","Purchased List","0","0","Pipeline","Pipeline","000000000000000AAA","","","0051000000339UwAAI","2014-11-17 11:46:18","0051000000339UwAAI","2014-11-17 11:46:18","0051000000339UwAAI","2014-11-17 11:46:18","","","2007","3","","","","","","","Honda"
"0061000000am6nVAAQ","0","0011000000ts0w7AAA","0","United Oil Office Portable Generators","","Negotiation/Review","8","125000","90","112500","","2012-10-27 00:00:00","Existing Customer - Upgrade","","","0","0","Pipeline","Pipeline","000000000000000AAA","","","0051000000339UwAAI","2014-11-17 11:46:18","0051000000339UwAAI","2014-11-17 11:46:18","0051000000339UwAAI","2014-11-17 11:46:18","","","2007","3","","","","","","Yamaha","Yamaha"
"0061000000am6nWAAQ","0","0011000000ts0w5AAA","0","Express Logistics Standby Generator","","Closed Won","9","220000","100","220000","","2012-10-27 00:00:00","New Customer","","Trade Show","1","1","Closed","Closed","000000000000000AAA","","","0051000000339UwAAI","2014-11-17 11:46:18","0051000000339UwAAI","2014-11-17 11:46:18","0051000000339UwAAI","2014-11-17 11:46:18","","","2007","3","","","","830150301420","653276","Hawkpower","Fujitsu"
"0061000000am6nXAAQ","0","0011000000ts0vxAAA","0","GenePoint Standby Generator","","Closed Won","9","85000","100","85000","","2012-10-27 00:00:00","New Customer","","Partner","1","1","Closed","Closed","000000000000000AAA","","","0051000000339UwAAI","2014-11-17 11:46:18","0051000000339UwAAI","2014-11-17 11:46:18","0051000000339UwAAI","2014-11-17 11:46:18","","","2007","3","","","Completed","830150301420","908676","Honda","Honda"
"0061000000am6nYAAQ","0","0011000000ts0w4AAA","0","Grand Hotels Kitchen Generator","","Id. Decision Makers","5","15000","60","9000","","2012-10-27 00:00:00","Existing Customer - Upgrade","","","0","0","Pipeline","Pipeline","000000000000000AAA","","","0051000000339UwAAI","2014-11-17 11:46:18","0051000000339UwAAI","2014-11-17 11:46:18","0051000000339UwAAI","2014-11-17 11:46:18","","","2007","3","","","Yet to begin","","","John Deere","Fujitsu, Hawkpower"
"0061000000am6nZAAQ","0","0011000000ts0w7AAA","0","United Oil Refinery Generators","","Proposal/Price Quote","7","270000","75","202500","","2012-10-27 00:00:00","Existing Customer - Upgrade","","","0","0","Pipeline","Pipeline","000000000000000AAA","","","0051000000339UwAAI","2014-11-17 11:46:18","0051000000339UwAAI","2014-11-17 11:46:18","0051000000339UwAAI","2014-11-17 11:46:18","","","2007","3","","","Yet to begin","","","Caterpillar","John Deere"
"0061000000am6naAAA","0","0011000000ts0w7AAA","0","United Oil SLA","","Closed Won","9","120000","100","120000","","2012-10-27 00:00:00","Existing Customer - Upgrade","","Partner","1","1","Closed","Closed","000000000000000AAA","","","0051000000339UwAAI","2014-11-17 11:46:18","0051000000339UwAAI","2014-11-17 11:46:18","0051000000339UwAAI","2014-11-17 11:46:18","","","2007","3","","","In progress","","926363","",""
"0061000000am6nbAAA","0","0011000000ts0w4AAA","0","Grand Hotels Guest Portable Generators","","Value Proposition","4","250000","50","125000","","2012-10-27 00:00:00","Existing Customer - Upgrade","","Employee Referral","0","0","Pipeline","Pipeline","000000000000000AAA","","","0051000000339UwAAI","2014-11-17 11:46:18","0051000000339UwAAI","2014-11-17 11:46:18","0051000000339UwAAI","2014-11-17 11:46:18","","","2007","3","","","Yet to begin","","","Honda","Honda"
"0061000000am6ncAAA","0","0011000000ts0w0AAA","0","Edge Emergency Generator","","Closed Won","9","75000","100","75000","","2012-10-27 00:00:00","New Customer","","Word of mouth","1","1","Closed","Closed","000000000000000AAA","","","0051000000339UwAAI","2014-11-17 11:46:18","0051000000339UwAAI","2014-11-17 11:46:18","0051000000339UwAAI","2014-11-17 11:46:18","","","2007","3","","","Completed","830150301420","731645","John Deere","John Deere"
"0061000000am6ndAAA","0","0011000000ts0w6AAA","0","University of AZ Portable Generators","","Closed Won","9","50000","100","50000","","2012-10-27 00:00:00","New Customer","","Public Relations","1","1","Closed","Closed","000000000000000AAA","","","0051000000339UwAAI","2014-11-17 11:46:18","0051000000339UwAAI","2014-11-17 11:46:18","0051000000339UwAAI","2014-11-17 11:46:18","","","2007","3","","","Completed","830150301360","768934","Mitsubishi","Honda, Mitsubishi"
"0061000000am6neAAA","0","0011000000ts0w2AAA","0","Pyramid Emergency Generators","","Prospecting","1","100000","10","10000","","2012-10-27 00:00:00","","","Phone Inquiry","0","0","Pipeline","Pipeline","000000000000000AAA","","","0051000000339UwAAI","2014-11-17 11:46:18","0051000000339UwAAI","2014-11-17 11:46:18","0051000000339UwAAI","2014-11-17 11:46:18","","","2007","3","","","","","","",""
"0061000000am6nfAAA","0","0011000000ts0w5AAA","0","Express Logistics Portable Truck Generators","","Value Proposition","4","80000","50","40000","","2012-10-27 00:00:00","Existing Customer - Upgrade","","External Referral","0","0","Pipeline","Pipeline","000000000000000AAA","","","0051000000339UwAAI","2014-11-17 11:46:18","0051000000339UwAAI","2014-11-17 11:46:18","0051000000339UwAAI","2014-11-17 11:46:18","","","2007","3","","","Yet to begin","","","Fujitsu","Honda"
"0061000000am6ngAAA","0","0011000000ts0vxAAA","0","GenePoint Lab Generators","","Id. Decision Makers","5","60000","60","36000","","2012-10-27 00:00:00","","","","0","0","Pipeline","Pipeline","000000000000000AAA","","","0051000000339UwAAI","2014-11-17 11:46:18","0051000000339UwAAI","2014-11-17 11:46:18","0051000000339UwAAI","2014-11-17 11:46:18","","","2007","3","","","Yet to begin","","","Hawkpower, Fujitsu","Hawkpower"
"0061000000am6nhAAA","0","0011000000ts0vxAAA","0","GenePoint SLA","","Closed Won","9","30000","100","30000","","2012-10-27 00:00:00","Existing Customer - Upgrade","","Partner","1","1","Closed","Closed","000000000000000AAA","","","0051000000339UwAAI","2014-11-17 11:46:18","0051000000339UwAAI","2014-11-17 11:46:18","0051000000339UwAAI","2014-11-17 11:46:18","","","2007","3","","","In progress","","546512","",""
"0061000000am6niAAA","0","0011000000ts0w7AAA","0","United Oil Installations","","Negotiation/Review","8","270000","90","243000","","2012-10-27 00:00:00","Existing Customer - Upgrade","","","0","0","Pipeline","Pipeline","000000000000000AAA","","","0051000000339UwAAI","2014-11-17 11:46:18","0051000000339UwAAI","2014-11-17 11:46:18","0051000000339UwAAI","2014-11-17 11:46:18","","","2007","3","","","Yet to begin","","","",""
"0061000000am6njAAA","0","0011000000ts0w0AAA","0","Edge Installation","","Closed Won","9","50000","100","50000","","2012-10-27 00:00:00","Existing Customer - Upgrade","","Word of mouth","1","1","Closed","Closed","000000000000000AAA","","","0051000000339UwAAI","2014-11-17 11:46:18","0051000000339UwAAI","2014-11-17 11:46:18","0051000000339UwAAI","2014-11-17 11:46:18","","","2007","3","","","Completed","","835178","",""
"0061000000am6nkAAA","0","0011000000ts0w0AAA","0","Edge SLA","","Closed Won","9","60000","100","60000","","2012-10-27 00:00:00","Existing Customer - Upgrade","","Word of mouth","1","1","Closed","Closed","000000000000000AAA","","","0051000000339UwAAI","2014-11-17 11:46:18","0051000000339UwAAI","2014-11-17 11:46:18","0051000000339UwAAI","2014-11-17 11:46:18","","","2007","3","","","","","847564","",""
"0061000000am6nlAAA","0","0011000000ts0w7AAA","0","United Oil Installations","","Closed Won","9","270000","100","270000","","2012-10-27 00:00:00","Existing Customer - Upgrade","","Partner","1","1","Closed","Closed","000000000000000AAA","","","0051000000339UwAAI","2014-11-17 11:46:18","0051000000339UwAAI","2014-11-17 11:46:18","0051000000339UwAAI","2014-11-17 11:46:18","","","2007","3","","","In progress","","427609","",""
"0061000000am6nmAAA","0","0011000000ts0w4AAA","0","Grand Hotels Generator Installations","","Closed Won","9","350000","100","350000","","2012-10-27 00:00:00","Existing Customer - Upgrade","","External Referral","1","1","Closed","Closed","000000000000000AAA","","","0051000000339UwAAI","2014-11-17 11:46:18","0051000000339UwAAI","2014-11-17 11:46:18","0051000000339UwAAI","2014-11-17 11:46:18","","","2007","3","","","Completed","","763546","",""
"0061000000am6nnAAA","0","0011000000ts0w7AAA","0","United Oil Refinery Generators","","Closed Won","9","915000","100","915000","","2012-10-27 00:00:00","New Customer","","Partner","1","1","Closed","Closed","000000000000000AAA","","","0051000000339UwAAI","2014-11-17 11:46:18","0051000000339UwAAI","2014-11-17 11:46:18","0051000000339UwAAI","2014-11-17 11:46:18","","","2007","3","","","Completed","830150301360","744343","John Deere","John Deere, Mitsubishi, Hawkpower"
"0061000000am6noAAA","0","0011000000ts0w6AAA","0","University of AZ Installations","","Proposal/Price Quote","7","100000","75","75000","","2012-10-27 00:00:00","Existing Customer - Upgrade","","Employee Referral","0","0","Pipeline","Pipeline","000000000000000AAA","","","0051000000339UwAAI","2014-11-17 11:46:18","0051000000339UwAAI","2014-11-17 11:46:18","0051000000339UwAAI","2014-11-17 11:46:18","","","2007","3","","","Yet to begin","","","",""
"0061000000am6npAAA","0","0011000000ts0w5AAA","0","Express Logistics SLA","","Perception Analysis","6","120000","70","84000","","2012-10-27 00:00:00","Existing Customer - Upgrade","","External Referral","0","0","Pipeline","Pipeline","000000000000000AAA","","","0051000000339UwAAI","2014-11-17 11:46:18","0051000000339UwAAI","2014-11-17 11:46:18","0051000000339UwAAI","2014-11-17 11:46:18","","","2007","3","","","In progress","","","",""
"0061000000am6nqAAA","0","0011000000ts0w6AAA","0","University of AZ SLA","","Closed Won","9","90000","100","90000","","2012-10-27 00:00:00","Existing Customer - Upgrade","","Public Relations","1","1","Closed","Closed","000000000000000AAA","","","0051000000339UwAAI","2014-11-17 11:46:18","0051000000339UwAAI","2014-11-17 11:46:18","0051000000339UwAAI","2014-11-17 11:46:18","","","2007","3","","","In progress","","654985","",""
"0061000000am6nrAAA","0","0011000000ts0w1AAA","0","Burlington Textiles Weaving Plant Generator","","Closed Won","9","235000","100","235000","","2012-10-27 00:00:00","New Customer","","Web","1","1","Closed","Closed","000000000000000AAA","","","0051000000339UwAAI","2014-11-17 11:46:18","0051000000339UwAAI","2014-11-17 11:46:18","0051000000339UwAAI","2014-11-17 11:46:18","","","2007","3","","","Yet to begin","830150301360","645612","John Deere","John Deere"
"0061000000am6nsAAA","0","0011000000ts0w7AAA","0","United Oil Installations","","Closed Won","9","235000","100","235000","","2012-10-27 00:00:00","Existing Customer - Upgrade","","External Referral","1","1","Closed","Closed","000000000000000AAA","","","0051000000339UwAAI","2014-11-17 11:46:18","0051000000339UwAAI","2014-11-17 11:46:18","0051000000339UwAAI","2014-11-17 11:46:18","","","2007","3","","","In progress","","554821","",""
"0061000000am6ntAAA","0","0011000000ts0w7AAA","0","United Oil Emergency Generators","","Closed Won","9","440000","100","440000","","2012-10-27 00:00:00","Existing Customer - Upgrade","","External Referral","1","1","Closed","Closed","000000000000000AAA","","","0051000000339UwAAI","2014-11-17 11:46:18","0051000000339UwAAI","2014-11-17 11:46:18","0051000000339UwAAI","2014-11-17 11:46:18","","","2007","3","","","Completed","830150301420","847324","Fujitsu","Honda, Mitsubishi"
"0061000000am6nuAAA","0","0011000000ts0w4AAA","0","Grand Hotels SLA","","Closed Won","9","90000","100","90000","","2012-10-27 00:00:00","Existing Customer - Upgrade","","External Referral","1","1","Closed","Closed","000000000000000AAA","","","0051000000339UwAAI","2014-11-17 11:46:18","0051000000339UwAAI","2014-11-17 11:46:18","0051000000339UwAAI","2014-11-17 11:46:18","","","2007","3","","","In progress","","254676","",""
"0061000000am6nvAAA","0","0011000000ts0w7AAA","0","United Oil Standby Generators","","Closed Won","9","120000","100","120000","","2012-10-27 00:00:00","Existing Customer - Upgrade","","External Referral","1","1","Closed","Closed","000000000000000AAA","","","0051000000339UwAAI","2014-11-17 11:46:18","0051000000339UwAAI","2014-11-17 11:46:18","0051000000339UwAAI","2014-11-17 11:46:18","","","2007","3","","","","830150301360","525476","John Deere","John Deere, Mitsubishi, Hawkpower"
"0061000000am6nwAAA","0","0011000000ts0w4AAA","0","Grand Hotels Emergency Generators","","Closed Won","9","210000","100","210000","","2012-10-27 00:00:00","New Customer","","External Referral","1","1","Closed","Closed","000000000000000AAA","","","0051000000339UwAAI","2014-11-17 11:46:18","0051000000339UwAAI","2014-11-17 11:46:18","0051000000339UwAAI","2014-11-17 11:46:18","","","2007","3","","","Completed","830150301360","387624","Fujitsu","Caterpillar"
"0061000000am6nxAAA","0","0011000000ts0w7AAA","0","United Oil Plant Standby Generators","","Needs Analysis","3","675000","20","135000","","2012-10-27 00:00:00","Existing Customer - Upgrade","","","0","0","Pipeline","Pipeline","000000000000000AAA","","","0051000000339UwAAI","2014-11-17 11:46:18","0051000000339UwAAI","2014-11-17 11:46:18","0051000000339UwAAI","2014-11-17 11:46:18","","","2007","3","","","","","","Caterpillar","Caterpillar, Mitsubishi, Hawkpower"
"0061000000am6nyAAA","0","0011000000ts0w0AAA","0","Edge Emergency Generator","","Id. Decision Makers","5","35000","60","21000","","2012-10-27 00:00:00","Existing Customer - Replacement","","","0","0","Pipeline","Pipeline","000000000000000AAA","","","0051000000339UwAAI","2014-11-17 11:46:18","0051000000339UwAAI","2014-11-17 11:46:18","0051000000339UwAAI","2014-11-17 11:46:18","","","2007","3","","","","","","","John Deere, Mitsubishi, Hawkpower"
