"Id","Name","ParentRoleId","RollupDescription","OpportunityAccessForAccountOwner","CaseAccessForAccountOwner","ContactAccessForAccountOwner","ForecastUserId","MayForecastManagerShare","LastModifiedDate","LastModifiedById","SystemModstamp","PortalAccountId","PortalType","PortalRole","PortalAccountOwnerId"
"00E10000001FY14EAG","CEO","000000000000000AAA","CEO","Edit","Edit","Edit","","0","2014-11-17 11:46:18","0051000000339UwAAI","2014-11-17 11:46:18","","None","",""
"00E10000001FY15EAG","SVP, Sales & Marketing","00E10000001FY14EAG","SVP, Sales & Marketing","Edit","Edit","Edit","","0","2014-11-17 11:46:18","0051000000339UwAAI","2014-11-17 11:46:18","","None","",""
"00E10000001FY16EAG","VP, North American Sales","00E10000001FY15EAG","VP, North American Sales","Edit","Edit","Edit","","0","2014-11-17 11:46:18","0051000000339UwAAI","2014-11-17 11:46:18","","None","",""
"00E10000001FY17EAG","Director, Direct Sales","00E10000001FY16EAG","Director, Direct Sales","Edit","Edit","Edit","","0","2014-11-17 11:46:18","0051000000339UwAAI","2014-11-17 11:46:18","","None","",""
"00E10000001FY18EAG","VP, Marketing","00E10000001FY15EAG","VP, Marketing","Edit","Edit","Edit","","0","2014-11-17 11:46:18","0051000000339UwAAI","2014-11-17 11:46:18","","None","",""
"00E10000001FY19EAG","SVP, Customer Service & Support","00E10000001FY14EAG","SVP, Customer Service & Support","Edit","Edit","Edit","","0","2014-11-17 11:46:18","0051000000339UwAAI","2014-11-17 11:46:18","","None","",""
"00E10000001FY1AEAW","Director, Channel Sales","00E10000001FY16EAG","Director, Channel Sales","Edit","Edit","Edit","","0","2014-11-17 11:46:18","0051000000339UwAAI","2014-11-17 11:46:18","","None","",""
"00E10000001FY1BEAW","CFO","00E10000001FY14EAG","CFO","Edit","Edit","Edit","","0","2014-11-17 11:46:18","0051000000339UwAAI","2014-11-17 11:46:18","","None","",""
"00E10000001FY1CEAW","Western Sales Team","00E10000001FY17EAG","Western Sales Team","Edit","Edit","Edit","","0","2014-11-17 11:46:18","0051000000339UwAAI","2014-11-17 11:46:18","","None","",""
"00E10000001FY1DEAW","Customer Support, North America","00E10000001FY19EAG","Customer Support, North America","Edit","Edit","Edit","","0","2014-11-17 11:46:18","0051000000339UwAAI","2014-11-17 11:46:18","","None","",""
"00E10000001FY1EEAW","Channel Sales Team","00E10000001FY1AEAW","Channel Sales Team","Edit","Edit","Edit","","0","2014-11-17 11:46:18","0051000000339UwAAI","2014-11-17 11:46:18","","None","",""
"00E10000001FY1FEAW","Marketing Team","00E10000001FY18EAG","Marketing Team","Edit","Edit","Edit","","0","2014-11-17 11:46:18","0051000000339UwAAI","2014-11-17 11:46:18","","None","",""
"00E10000001FY1GEAW","Installation & Repair Services","00E10000001FY19EAG","Installation & Repair Services","Edit","Edit","Edit","","0","2014-11-17 11:46:18","0051000000339UwAAI","2014-11-17 11:46:18","","None","",""
"00E10000001FY1HEAW","Eastern Sales Team","00E10000001FY17EAG","Eastern Sales Team","Edit","Edit","Edit","","0","2014-11-17 11:46:18","0051000000339UwAAI","2014-11-17 11:46:18","","None","",""
"00E10000001FY1IEAW","Customer Support, International","00E10000001FY19EAG","Customer Support, International","Edit","Edit","Edit","","0","2014-11-17 11:46:18","0051000000339UwAAI","2014-11-17 11:46:18","","None","",""
"00E10000001FY1JEAW","VP, International Sales","00E10000001FY15EAG","VP, International Sales","Edit","Edit","Edit","","0","2014-11-17 11:46:18","0051000000339UwAAI","2014-11-17 11:46:18","","None","",""
"00E10000001FY1KEAW","SVP, Human Resources","00E10000001FY14EAG","SVP, Human Resources","Edit","Edit","Edit","","0","2014-11-17 11:46:18","0051000000339UwAAI","2014-11-17 11:46:18","","None","",""
"00E10000001FY1LEAW","COO","00E10000001FY14EAG","COO","Edit","Edit","Edit","","0","2014-11-17 11:46:18","0051000000339UwAAI","2014-11-17 11:46:18","","None","",""
